--MEMBER
INSERT INTO MEMBER
(ID, FIRST_NAME, LAST_NAME, EMAIL_ID, PASSWORD)
  VALUES
  (1, 'Rixon', 'Mathew', 'rixonmathew@gmail.com', 'lms123#');
INSERT INTO MEMBER
(ID, FIRST_NAME, LAST_NAME, EMAIL_ID, PASSWORD)
  VALUES
  (2, 'Dinkar', 'Gupta', 'dinkargupta@gmail.com', 'password123');
INSERT INTO MEMBER
(ID, FIRST_NAME, LAST_NAME, EMAIL_ID, PASSWORD)
  VALUES
  (3, 'Vaibhav', 'Deshpande', 'vaibhavdeshpande@gmail.com', 'password123');
INSERT INTO MEMBER
(ID, FIRST_NAME, LAST_NAME, EMAIL_ID, PASSWORD)
  VALUES
  (4, 'Divya', 'Jain', 'divyajain@gmail.com', 'password123');


--ITEM
INSERT INTO ITEM
(ID, NAME, DESCRIPTION, ITEM_TYPE_ID)
  VALUES
  (5, 'Programming Perl', 'The primer on Perl Programming', 1);
INSERT INTO ITEM
(ID, NAME, DESCRIPTION, ITEM_TYPE_ID)
  VALUES
  (6, 'Effective Java', 'A guide to using Java effectively', 1);
INSERT INTO ITEM
(ID, NAME, DESCRIPTION, ITEM_TYPE_ID)
  VALUES
  (1, 'The Fountainhead', 'A classic on Objectivitism', 1);
INSERT INTO ITEM
(ID, NAME, DESCRIPTION, ITEM_TYPE_ID)
  VALUES
  (2, 'The Godfather', 'Story about rise of Italian mafia in US', 1);
INSERT INTO ITEM
(ID, NAME, DESCRIPTION, ITEM_TYPE_ID)
  VALUES
  (3, 'Atlas Shrugged', 'Who is John Galt?', 1);
INSERT INTO ITEM
(ID, NAME, DESCRIPTION, ITEM_TYPE_ID)
  VALUES
  (4, 'A Prisoner of Birth', 'Jeffrey Archer', 1);

--PROPERTY
INSERT INTO PROPERTY
(ID, CATEGORY_ID, NAME, DESCRIPTION, DATA_TYPE)
  VALUES
  (1, 1, 'TITLE', 'Title', 'String');
INSERT INTO PROPERTY
(ID, CATEGORY_ID, NAME, DESCRIPTION, DATA_TYPE)
  VALUES
  (2, 1, 'AUTHOR', 'Author', 'String');
INSERT INTO PROPERTY
(ID, CATEGORY_ID, NAME, DESCRIPTION, DATA_TYPE)
  VALUES
  (3, 1, 'PUBLISHER', 'Publisher', 'String');
INSERT INTO PROPERTY
(ID, CATEGORY_ID, NAME, DESCRIPTION, DATA_TYPE)
  VALUES
  (4, 1, 'PUBLISHED_DATE', 'Date item was published', 'Date');
INSERT INTO PROPERTY
(ID, CATEGORY_ID, NAME, DESCRIPTION, DATA_TYPE)
  VALUES
  (5, 2, 'COVER_TYPE', 'Cover Type', 'String');
INSERT INTO PROPERTY
(ID, CATEGORY_ID, NAME, DESCRIPTION, DATA_TYPE)
  VALUES
  (6, 1, 'PAGES', 'No. of pages', 'Number');
INSERT INTO PROPERTY
(ID, CATEGORY_ID, NAME, DESCRIPTION, DATA_TYPE)
  VALUES
  (7, 1, 'GENRE', 'Genre', 'String');
INSERT INTO PROPERTY
(ID, CATEGORY_ID, NAME, DESCRIPTION, DATA_TYPE)
  VALUES
  (8, 1, 'PRICE', 'Price', 'Money');
INSERT INTO PROPERTY
(ID, CATEGORY_ID, NAME, DESCRIPTION, DATA_TYPE)
  VALUES
  (9, 1, 'ISBN', 'Isbn', 'String');
INSERT INTO PROPERTY
(ID, CATEGORY_ID, NAME, DESCRIPTION, DATA_TYPE)
  VALUES
  (10, 1, 'WEBSITE', 'Website', 'String');
INSERT INTO PROPERTY
(ID, CATEGORY_ID, NAME, DESCRIPTION, DATA_TYPE)
  VALUES
  (11, 1, 'CATEGORY', 'Category', 'String');
INSERT INTO PROPERTY
(ID, CATEGORY_ID, NAME, DESCRIPTION, DATA_TYPE)
  VALUES
  (12, 1, 'GENRE', 'Genre', 'String');
INSERT INTO PROPERTY
(ID, CATEGORY_ID, NAME, DESCRIPTION, DATA_TYPE)
  VALUES
  (13, 1, 'RATING', 'Rating', 'String');

INSERT INTO PROPERTY
(ID, CATEGORY_ID, NAME, DESCRIPTION, DATA_TYPE)
  VALUES
  (NEXT VALUE FOR property_id_seq, 2, 'AVAILABLE', 'Available', 'String');

INSERT INTO PROPERTY
(ID, CATEGORY_ID, NAME, DESCRIPTION, DATA_TYPE)
  VALUES
  (NEXT VALUE FOR property_id_seq, 2, 'MEDIA_TYPE', 'Media Type', 'String');
INSERT INTO PROPERTY
(ID, CATEGORY_ID, NAME, DESCRIPTION, DATA_TYPE)
  VALUES
  (NEXT VALUE FOR property_id_seq, 2, 'ADDED_DATE', 'Added Date', 'String');


--ITEM_PROPERTY
INSERT INTO ITEM_PROPERTY
(ID, ITEM_ID, PROPERTY_ID, PROPERTY_VALUE)
  VALUES
  (62, 1, 1, 'The Fountainhead');
INSERT INTO ITEM_PROPERTY
(ID, ITEM_ID, PROPERTY_ID, PROPERTY_VALUE)
  VALUES
  (63, 1, 2, 'Ayn Rand');
INSERT INTO ITEM_PROPERTY
(ID, ITEM_ID, PROPERTY_ID, PROPERTY_VALUE)
  VALUES
  (64, 1, 3, 'Bobb Williams');
INSERT INTO ITEM_PROPERTY
(ID, ITEM_ID, PROPERTY_ID, PROPERTY_VALUE)
  VALUES
  (65, 1, 4, '07/26/1936');
INSERT INTO ITEM_PROPERTY
(ID, ITEM_ID, PROPERTY_ID, PROPERTY_VALUE)
  VALUES
  (66, 1, 6, '900');
INSERT INTO ITEM_PROPERTY
(ID, ITEM_ID, PROPERTY_ID, PROPERTY_VALUE)
  VALUES
  (67, 1, 7, 'Fiction:Objectivism');
INSERT INTO ITEM_PROPERTY
(ID, ITEM_ID, PROPERTY_ID, PROPERTY_VALUE)
  VALUES
  (68, 1, 8, '500');
INSERT INTO ITEM_PROPERTY
(ID, ITEM_ID, PROPERTY_ID, PROPERTY_VALUE)
  VALUES
  (69, 1, 9, '978-112322-123-1');
INSERT INTO ITEM_PROPERTY
(ID, ITEM_ID, PROPERTY_ID, PROPERTY_VALUE)
  VALUES
  (70, 2, 1, 'The Godfather');
INSERT INTO ITEM_PROPERTY
(ID, ITEM_ID, PROPERTY_ID, PROPERTY_VALUE)
  VALUES
  (71, 2, 2, 'Mario Puzo');
INSERT INTO ITEM_PROPERTY
(ID, ITEM_ID, PROPERTY_ID, PROPERTY_VALUE)
  VALUES
  (72, 2, 3, 'FF Publishers');
INSERT INTO ITEM_PROPERTY
(ID, ITEM_ID, PROPERTY_ID, PROPERTY_VALUE)
  VALUES
  (73, 2, 4, '08/01/1967');
INSERT INTO ITEM_PROPERTY
(ID, ITEM_ID, PROPERTY_ID, PROPERTY_VALUE)
  VALUES
  (74, 2, 6, '600');
INSERT INTO ITEM_PROPERTY
(ID, ITEM_ID, PROPERTY_ID, PROPERTY_VALUE)
  VALUES
  (75, 2, 7, 'Fiction:Crime');
INSERT INTO ITEM_PROPERTY
(ID, ITEM_ID, PROPERTY_ID, PROPERTY_VALUE)
  VALUES
  (76, 2, 8, '300');
INSERT INTO ITEM_PROPERTY
(ID, ITEM_ID, PROPERTY_ID, PROPERTY_VALUE)
  VALUES
  (77, 2, 9, '965-1112122-331-2');
INSERT INTO ITEM_PROPERTY
(ID, ITEM_ID, PROPERTY_ID, PROPERTY_VALUE)
  VALUES
  (78, 3, 1, 'Atlas Shrugged');
INSERT INTO ITEM_PROPERTY
(ID, ITEM_ID, PROPERTY_ID, PROPERTY_VALUE)
  VALUES
  (79, 3, 2, 'Ayn Rand');
INSERT INTO ITEM_PROPERTY
(ID, ITEM_ID, PROPERTY_ID, PROPERTY_VALUE)
  VALUES
  (80, 3, 3, 'Blue Lagoon');
INSERT INTO ITEM_PROPERTY
(ID, ITEM_ID, PROPERTY_ID, PROPERTY_VALUE)
  VALUES
  (81, 3, 4, '06/20/1957');
INSERT INTO ITEM_PROPERTY
(ID, ITEM_ID, PROPERTY_ID, PROPERTY_VALUE)
  VALUES
  (82, 3, 6, '1600');
INSERT INTO ITEM_PROPERTY
(ID, ITEM_ID, PROPERTY_ID, PROPERTY_VALUE)
  VALUES
  (83, 3, 7, 'Fiction:Objectivism');
INSERT INTO ITEM_PROPERTY
(ID, ITEM_ID, PROPERTY_ID, PROPERTY_VALUE)
  VALUES
  (84, 3, 8, '700');
INSERT INTO ITEM_PROPERTY
(ID, ITEM_ID, PROPERTY_ID, PROPERTY_VALUE)
  VALUES
  (85, 3, 9, '935-1123212-231-2');
INSERT INTO ITEM_PROPERTY
(ID, ITEM_ID, PROPERTY_ID, PROPERTY_VALUE)
  VALUES
  (86, 4, 1, 'Prisoner of Birth');
INSERT INTO ITEM_PROPERTY
(ID, ITEM_ID, PROPERTY_ID, PROPERTY_VALUE)
  VALUES
  (87, 4, 2, 'Jefffrey Archer');
INSERT INTO ITEM_PROPERTY
(ID, ITEM_ID, PROPERTY_ID, PROPERTY_VALUE)
  VALUES
  (88, 4, 3, 'Striped Whites');
INSERT INTO ITEM_PROPERTY
(ID, ITEM_ID, PROPERTY_ID, PROPERTY_VALUE)
  VALUES
  (89, 4, 4, '06/20/2008');
INSERT INTO ITEM_PROPERTY
(ID, ITEM_ID, PROPERTY_ID, PROPERTY_VALUE)
  VALUES
  (90, 4, 6, '300');
INSERT INTO ITEM_PROPERTY
(ID, ITEM_ID, PROPERTY_ID, PROPERTY_VALUE)
  VALUES
  (91, 4, 7, 'Fiction:Courtroom Drama');
INSERT INTO ITEM_PROPERTY
(ID, ITEM_ID, PROPERTY_ID, PROPERTY_VALUE)
  VALUES
  (92, 4, 8, '700');
INSERT INTO ITEM_PROPERTY
(ID, ITEM_ID, PROPERTY_ID, PROPERTY_VALUE)
  VALUES
  (93, 4, 9, '911-2322312-212-2');
INSERT INTO ITEM_PROPERTY
(ID, ITEM_ID, PROPERTY_ID, PROPERTY_VALUE)
  VALUES
  (94, 5, 1, 'Programming Perl');
INSERT INTO ITEM_PROPERTY
(ID, ITEM_ID, PROPERTY_ID, PROPERTY_VALUE)
  VALUES
  (95, 5, 2, 'Larry Wall');
INSERT INTO ITEM_PROPERTY
(ID, ITEM_ID, PROPERTY_ID, PROPERTY_VALUE)
  VALUES
  (96, 5, 3, 'Humped Quadraped');
INSERT INTO ITEM_PROPERTY
(ID, ITEM_ID, PROPERTY_ID, PROPERTY_VALUE)
  VALUES
  (97, 5, 4, '06/20/1988');
INSERT INTO ITEM_PROPERTY
(ID, ITEM_ID, PROPERTY_ID, PROPERTY_VALUE)
  VALUES
  (98, 5, 6, '400');
INSERT INTO ITEM_PROPERTY
(ID, ITEM_ID, PROPERTY_ID, PROPERTY_VALUE)
  VALUES
  (99, 5, 7, 'Computers:Programming');
INSERT INTO ITEM_PROPERTY
(ID, ITEM_ID, PROPERTY_ID, PROPERTY_VALUE)
  VALUES
  (100, 5, 8, '700');
INSERT INTO ITEM_PROPERTY
(ID, ITEM_ID, PROPERTY_ID, PROPERTY_VALUE)
  VALUES
  (101, 5, 9, '956-1023907-856-3');
INSERT INTO ITEM_PROPERTY
(ID, ITEM_ID, PROPERTY_ID, PROPERTY_VALUE)
  VALUES
  (102, 6, 1, 'Effective Java');
INSERT INTO ITEM_PROPERTY
(ID, ITEM_ID, PROPERTY_ID, PROPERTY_VALUE)
  VALUES
  (103, 6, 2, 'Joshua Bloch');
INSERT INTO ITEM_PROPERTY
(ID, ITEM_ID, PROPERTY_ID, PROPERTY_VALUE)
  VALUES
  (104, 6, 3, 'Bespectaled Visions');
INSERT INTO ITEM_PROPERTY
(ID, ITEM_ID, PROPERTY_ID, PROPERTY_VALUE)
  VALUES
  (105, 6, 4, '09/18/2005');
INSERT INTO ITEM_PROPERTY
(ID, ITEM_ID, PROPERTY_ID, PROPERTY_VALUE)
  VALUES
  (106, 6, 6, '400');
INSERT INTO ITEM_PROPERTY
(ID, ITEM_ID, PROPERTY_ID, PROPERTY_VALUE)
  VALUES
  (107, 6, 7, 'Computers:Programming');
INSERT INTO ITEM_PROPERTY
(ID, ITEM_ID, PROPERTY_ID, PROPERTY_VALUE)
  VALUES
  (108, 6, 8, '700');
INSERT INTO ITEM_PROPERTY
(ID, ITEM_ID, PROPERTY_ID, PROPERTY_VALUE)
  VALUES
  (109, 6, 9, '911-11139212-812-9');


INSERT INTO role (id, role, description)
  VALUES (NEXT VALUE FOR role_id_seq, 'MEMBER', 'Member of the Library');
INSERT INTO role (id, role, description)
  VALUES (NEXT VALUE FOR role_id_seq, 'USER', 'Standard user  of the Library');
INSERT INTO role (id, role, description)
  VALUES (NEXT VALUE FOR role_id_seq, 'ADMIN', 'User with admin privileges of the Library');
INSERT INTO role (id, role, description)
  VALUES (NEXT VALUE FOR role_id_seq, 'GUEST', 'Guest user of the Library');

INSERT INTO role_feature (id, role_id, feature_id, allowed)
  VALUES (NEXT VALUE FOR role_feature_id_seq, 104, 100, 'Y');
INSERT INTO role_feature (id, role_id, feature_id, allowed)
  VALUES (NEXT VALUE FOR role_feature_id_seq, 104, 101, 'Y');
INSERT INTO role_feature (id, role_id, feature_id, allowed)
  VALUES (NEXT VALUE FOR role_feature_id_seq, 104, 102, 'Y');

INSERT INTO role_feature (id, role_id, feature_id, allowed)
  VALUES (NEXT VALUE FOR role_feature_id_seq, 106, 100, 'Y');
INSERT INTO role_feature (id, role_id, feature_id, allowed)
  VALUES (NEXT VALUE FOR role_feature_id_seq, 106, 101, 'Y');
INSERT INTO role_feature (id, role_id, feature_id, allowed)
  VALUES (NEXT VALUE FOR role_feature_id_seq, 106, 102, 'Y');
INSERT INTO role_feature (id, role_id, feature_id, allowed)
  VALUES (NEXT VALUE FOR role_feature_id_seq, 106, 103, 'Y');
INSERT INTO role_feature (id, role_id, feature_id, allowed)
  VALUES (NEXT VALUE FOR role_feature_id_seq, 106, 104, 'Y');


--Properties for instance
/*
  AVAILABLE
  MEDIA_TYPE
  ADDED_DATE
*/

--Propertes for Transaction
/*
  --CHECK_OUT
  CHECKED_OUT_DATE
  RETURN_DATE
  RENEWED

  --RETURN
  RETURNED_DATE
  FINE

  --RENEW
  RENEWED_DATE
  RETURN_DATE


*/